location_id,location_type,location_name,population,year,month,price_all_actual,mom_chg_actual,price_all_prepan_trnd,mom_chg_prepan_trnd,price_all_prepan_trnd_natl,mom_chg_prepan_trnd_natl,,,,,
0,National,United States,331097593,2017,1,1068.3222,NA,1068.3222,NA,1068.3222,NA,,,,,
0,National,United States,331097593,2017,2,1068.84293,4.80E-04,1068.84293,4.80E-04,1068.84293,4.80E-04,,,$0,0.0%,
0,National,United States,331097593,2017,3,1072.98062,0.003874472,1072.98062,0.003874472,1072.98062,0.003874472,,,$0,0.0%,
0,National,United States,331097593,2017,4,1080.64721,0.007148731,1080.64721,0.007148731,1080.64721,0.007148731,,,$0,0.0%,
0,National,United States,331097593,2017,5,1090.87352,0.009455206,1090.87352,0.009455206,1090.87352,0.009455206,,,$0,0.0%,
0,National,United States,331097593,2017,6,1099.51095,0.007918596,1099.51095,0.007918596,1099.51095,0.007918596,,,$0,0.0%,
0,National,United States,331097593,2017,7,1104.67379,0.004698299,1104.67379,0.004698299,1104.67379,0.004698299,,,$0,0.0%,
0,National,United States,331097593,2017,8,1104.88878,1.93E-04,1104.88878,1.93E-04,1104.88878,1.93E-04,,,$0,0.0%,
0,National,United States,331097593,2017,9,1102.18823,-0.002434312,1102.18823,-0.002434312,1102.18823,-0.002434312,,,$0,0.0%,
0,National,United States,331097593,2017,10,1097.48316,-0.00427367,1097.48316,-0.00427367,1097.48316,-0.00427367,,,$0,0.0%,
0,National,United States,331097593,2017,11,1092.58294,-0.004460581,1092.58294,-0.004460581,1092.58294,-0.004460581,,,$0,0.0%,
0,National,United States,331097593,2017,12,1087.87445,-0.004311243,1087.87445,-0.004311243,1087.87445,-0.004311243,,,$0,0.0%,
0,National,United States,331097593,2018,1,1086.34878,-0.001399699,1086.34878,-0.001399699,1086.34878,-0.001399699,,,$0,0.0%,
0,National,United States,331097593,2018,2,1088.66998,0.002135241,1088.66998,0.002135241,1088.66998,0.002135241,,,$0,0.0%,
0,National,United States,331097593,2018,3,1095.99473,0.006718866,1095.99473,0.006718866,1095.99473,0.006718866,,,$0,0.0%,
0,National,United States,331097593,2018,4,1106.08352,0.009205999,1106.08352,0.009205999,1106.08352,0.009205999,,,$0,0.0%,
0,National,United States,331097593,2018,5,1117.82073,0.010614482,1117.82073,0.010614482,1117.82073,0.010614482,,,$0,0.0%,
0,National,United States,331097593,2018,6,1127.68985,0.008835249,1127.68985,0.008835249,1127.68985,0.008835249,,,$0,0.0%,
0,National,United States,331097593,2018,7,1134.60042,0.006120414,1134.60042,0.006120414,1134.60042,0.006120414,,,$0,0.0%,
0,National,United States,331097593,2018,8,1137.59868,0.002646498,1137.59868,0.002646498,1137.59868,0.002646498,,,$0,0.0%,
0,National,United States,331097593,2018,9,1135.46758,-0.001876431,1135.46758,-0.001876431,1135.46758,-0.001876431,,,$0,0.0%,
0,National,United States,331097593,2018,10,1130.99725,-0.00393538,1130.99725,-0.00393538,1130.99725,-0.00393538,,,$0,0.0%,
0,National,United States,331097593,2018,11,1125.76186,-0.004630387,1125.76186,-0.004630387,1125.76186,-0.004630387,,,$0,0.0%,
0,National,United States,331097593,2018,12,1123.54864,-0.001959371,1123.54864,-0.001959371,1123.54864,-0.001959371,,,$0,0.0%,
0,National,United States,331097593,2019,1,1123.52442,-2.53E-05,1123.52442,-2.53E-05,1123.52442,-2.53E-05,,,$0,0.0%,
0,National,United States,331097593,2019,2,1126.65875,0.002786574,1126.65875,0.002786574,1126.65875,0.002786574,,,$0,0.0%,
0,National,United States,331097593,2019,3,1133.54056,0.006113427,1133.54056,0.006113427,1133.54056,0.006113427,,,$0,0.0%,
0,National,United States,331097593,2019,4,1142.64776,0.00803475,1142.64776,0.00803475,1142.64776,0.00803475,,,$0,0.0%,
0,National,United States,331097593,2019,5,1153.17425,0.009203676,1153.17425,0.009203676,1153.17425,0.009203676,,,$0,0.0%,
0,National,United States,331097593,2019,6,1162.69096,0.008255896,1162.69096,0.008255896,1162.69096,0.008255896,,,$0,0.0%,
0,National,United States,331097593,2019,7,1169.02903,0.005446623,1169.02903,0.005446623,1169.02903,0.005446623,,,$0,0.0%,
0,National,United States,331097593,2019,8,1170.51421,0.001278196,1170.51421,0.001278196,1170.51421,0.001278196,,,$0,0.0%,
0,National,United States,331097593,2019,9,1166.1836,-0.003695959,1166.1836,-0.003695959,1166.1836,-0.003695959,,,$0,0.0%,
0,National,United States,331097593,2019,10,1160.06869,-0.00524723,1160.06869,-0.00524723,1160.06869,-0.00524723,,,$0,0.0%,
0,National,United States,331097593,2019,11,1154.03536,-0.005201305,1154.03536,-0.005201305,1154.03536,-0.005201305,,,$0,0.0%,
0,National,United States,331097593,2019,12,1151.58234,-0.002133327,1151.58234,-0.002133327,1151.58234,-0.002133327,,,$0,0.0%,0.029256945
0,National,United States,331097593,2020,1,1152.48937,7.91E-04,1152.48937,7.91E-04,1152.48937,7.91E-04,2.6%,2.6%,$0,0.0%,
0,National,United States,331097593,2020,2,1156.73781,0.003692042,1156.73781,0.003692042,1156.73781,0.003692042,2.7%,2.7%,$0,0.0%,
0,National,United States,331097593,2020,3,1160.98187,0.003666158,1163.179593,0.005568922,1163.179593,0.005568922,2.6%,2.4%,-$2,-0.2%,
0,National,United States,331097593,2020,4,1156.18542,-0.004130813,1172.636041,0.008129827,1172.636041,0.008129827,2.6%,1.2%,-$16,-1.4%,
0,National,United States,331097593,2020,5,1150.04104,-0.00531725,1184.078375,0.009757788,1184.078375,0.009757788,2.7%,-0.3%,-$34,-2.9%,
0,National,United States,331097593,2020,6,1145.95616,-0.003551409,1193.94954,0.00833658,1193.94954,0.00833658,2.7%,-1.4%,-$48,-4.0%,
0,National,United States,331097593,2020,7,1150.92517,0.004334004,1200.42287,0.005421779,1200.42287,0.005421779,2.7%,-1.5%,-$49,-4.1%,
0,National,United States,331097593,2020,8,1154.87013,0.003437403,1202.070623,0.001372644,1202.070623,0.001372644,2.7%,0.0%,-$47,-3.9%,
0,National,United States,331097593,2020,9,1154.46228,-3.57E-04,1198.862416,-0.002668901,1198.862416,-0.002668901,2.8%,-1.0%,-$44,-3.7%,
0,National,United States,331097593,2020,10,1150.71928,-0.003241951,1193.485007,-0.004485426,1193.485007,-0.004485426,2.9%,-0.8%,-$43,-3.6%,
0,National,United States,331097593,2020,11,1145.96593,-0.004130545,1187.799136,-0.004764091,1187.799136,-0.004764091,2.9%,-0.7%,-$42,-3.5%,
0,National,United States,331097593,2020,12,1142.80853,-0.002756839,1184.471738,-0.002801314,1184.471738,-0.002801314,2.9%,-0.8%,-$42,-3.5%,
0,National,United States,331097593,2021,1,1145.75513,0.002577673,1183.627783,-7.13E-04,1183.627783,-7.13E-04,2.7%,-0.6%,-$38,-3.2%,
0,National,United States,331097593,2021,2,1153.7141,0.006943064,1185.75885,0.001800453,1185.75885,0.001800453,2.5%,-0.3%,-$32,-2.7%,
0,National,United States,331097593,2021,3,1167.38017,0.011853807,1192.362248,0.005568922,1192.362248,0.005568922,2.5%,0.6%,-$25,-2.1%,
0,National,United States,331097593,2021,4,1186.11822,0.01604252,1202.055947,0.008129827,1202.055947,0.008129827,2.5%,2.6%,-$16,-1.3%,
0,National,United States,331097593,2021,5,1211.72025,0.021584201,1213.785354,0.009757788,1213.785354,0.009757788,2.5%,5.4%,-$2,-0.2%,
0,National,United States,331097593,2021,6,1244.05082,0.026683265,1223.904173,0.00833658,1223.904173,0.00833658,2.5%,8.6%,$20,1.6%,
0,National,United States,331097593,2021,7,1278.19888,0.027453986,1230.539911,0.005421779,1230.539911,0.005421779,2.5%,11.1%,$48,3.9%,
0,National,United States,331097593,2021,8,1309.9104,0.024805442,1232.229004,0.001372644,1232.229004,0.001372644,2.5%,13.4%,$78,6.3%,
0,National,United States,331097593,2021,9,1332.64842,0.017360696,1228.940308,-0.002668901,1228.940308,-0.002668901,2.5%,15.4%,$104,8.4%,
0,National,United States,331097593,2021,10,1343.80192,0.008372043,1223.427986,-0.004485426,1223.427986,-0.004485426,2.5%,16.8%,$120,9.8%,
0,National,United States,331097593,2021,11,1346.13779,0.001736755,1217.599464,-0.004764091,1217.599464,-0.004764091,2.5%,17.5%,$129,10.6%,
0,National,United States,331097593,2021,12,1345.59444,-4.02E-04,1214.188586,-0.002801314,1214.188586,-0.002801314,2.5%,17.7%,$131,10.8%,
0,National,United States,331097593,2022,1,1348.36815,0.002062292,1213.323458,-7.13E-04,1213.323458,-7.13E-04,2.5%,17.7%,$135,11.1%,
0,National,United States,331097593,2022,2,1356.03536,0.0056781,1215.50799,0.001800453,1215.50799,0.001800453,2.5%,17.5%,$141,11.6%,
0,National,United States,331097593,2022,3,1367.88542,0.008741919,1222.277059,0.005568922,1222.277059,0.005568922,2.5%,17.2%,$146,11.9%,
0,National,United States,331097593,2022,4,1383.37932,0.01132947,1232.21396,0.008129827,1232.21396,0.008129827,2.5%,16.6%,$151,12.3%,
0,National,United States,331097593,2022,5,1402.37825,0.013733155,1244.237643,0.009757788,1244.237643,0.009757788,2.5%,15.7%,$158,12.7%,
0,National,United States,331097593,2022,6,1423.08615,0.014764828,1254.61033,0.00833658,1254.61033,0.00833658,2.5%,14.4%,$168,13.4%,
0,National,United States,331097593,2022,7,1437.45731,0.0101,1261.41255,0.005421779,1261.41255,0.005421779,2.5%,12.5%,$176,14.0%,
0,National,United States,331097593,2022,8,1441.99983,0.003158103,1263.14402,0.001372644,1263.14402,0.001372644,2.5%,10.1%,$179,14.2%,
0,National,United States,331097593,2022,9,1435.52178,-0.004490324,1259.772814,-0.002668901,1259.772814,-0.002668901,2.5%,7.7%,$176,14.0%,
0,National,United States,331097593,2022,10,1422.37336,-0.009159942,1254.122196,-0.004485426,1254.122196,-0.004485426,2.5%,5.8%,$168,13.4%,
0,National,United States,331097593,2022,11,1406.66614,-0.011045523,1248.147443,-0.004764091,1248.147443,-0.004764091,2.5%,4.5%,$159,12.7%,
0,National,United States,331097593,2022,12,1394.20439,-0.008862271,1244.650991,-0.002801314,1244.650991,-0.002801314,2.5%,3.6%,$150,12.0%,
0,National,United States,331097593,2023,1,1389.78535,-0.003164234,1243.764158,-7.13E-04,1243.764158,-7.13E-04,2.5%,3.1%,$146,11.7%,
0,National,United States,331097593,2023,2,1392.80808,0.002170797,1246.003497,0.001800453,1246.003497,0.001800453,2.5%,2.7%,$147,11.8%,
0,National,United States,331097593,2023,3,1400.47506,0.005507193,1252.942393,0.005568922,1252.942393,0.005568922,2.5%,2.4%,$148,11.8%,
0,National,United States,331097593,2023,4,1407.50422,0.005019764,1263.128598,0.008129827,1263.128598,0.008129827,2.5%,1.7%,$144,11.4%,
0,National,United States,331097593,2023,5,1415.24571,0.005500227,1275.453939,0.009757788,1275.453939,0.009757788,2.5%,0.9%,$140,11.0%,
0,National,United States,331097593,2023,6,1421.41988,0.004364046,1286.086863,0.00833658,1286.086863,0.00833658,2.5%,-0.1%,$135,10.5%,
0,National,United States,331097593,2023,7,1425.01816,0.002532964,1293.059742,0.005421779,1293.059742,0.005421779,2.5%,-0.9%,$132,10.2%,
0,National,United States,331097593,2023,8,1423.60255,-9.99E-04,1294.834652,0.001372644,1294.834652,0.001372644,2.5%,-1.3%,$129,9.9%,
0,National,United States,331097593,2023,9,1415.8846,-0.00541805,1291.378867,-0.002668901,1291.378867,-0.002668901,2.5%,-1.4%,$125,9.6%,
0,National,United States,331097593,2023,10,1405.43204,-0.00738738,1285.586483,-0.004485426,1285.586483,-0.004485426,2.5%,-1.2%,$120,9.3%,
0,National,United States,331097593,2023,11,1392.71611,-0.009042214,1279.461832,-0.004764091,1279.461832,-0.004764091,2.5%,-1.0%,$113,8.9%,
0,National,United States,331097593,2023,12,1382.46111,-0.007367216,1275.877657,-0.002801314,1275.877657,-0.002801314,2.5%,-0.8%,$107,8.4%,
0,National,United States,331097593,2024,1,1378.88785,-0.002583767,1274.968575,-7.13E-04,1274.968575,-7.13E-04,2.5%,-0.8%,$104,8.2%,
0,National,United States,331097593,2024,2,1381.84478,0.002146676,1277.264096,0.001800453,1277.264096,0.001800453,2.5%,-0.8%,$105,8.2%,
0,National,United States,331097593,2024,3,1390.1385,0.006003996,1284.37708,0.005568922,1284.37708,0.005568922,2.5%,-0.7%,$106,8.2%,
0,National,United States,331097593,2024,4,1397.48278,0.005282285,1294.818843,0.008129827,1294.818843,0.008129827,2.5%,-0.7%,$103,7.9%,
0,National,United States,331097593,2024,5,1405.31377,0.005600758,1307.453412,0.009757788,1307.453412,0.009757788,2.5%,-0.7%,$98,7.5%,
0,National,United States,331097593,2024,6,1410.9562,0.004020212,1318.353102,0.00833658,1318.353102,0.00833658,2.5%,-0.7%,$93,7.0%,
0,National,United States,331097593,2024,7,1414.46126,0.002481139,1325.500921,0.005421779,1325.500921,0.005421779,2.5%,-0.7%,$89,6.7%,
0,National,United States,331097593,2024,8,1412.8094,-0.001167072,1327.320362,0.001372644,1327.320362,0.001372644,2.5%,-0.8%,$85,6.4%,
0,National,United States,331097593,2024,9,1405.69244,-0.005036363,1323.777876,-0.002668901,1323.777876,-0.002668901,2.5%,-0.7%,$82,6.2%,
0,National,United States,331097593,2024,10,1395.34541,-0.007359938,1317.840167,-0.004485426,1317.840167,-0.004485426,2.5%,-0.7%,$78,5.9%,
0,National,United States,331097593,2024,11,1383.73047,-0.008332398,1311.561857,-0.004764091,1311.561857,-0.004764091,2.5%,-0.6%,$72,5.5%,
0,National,United States,331097593,2024,12,1375.40064,-0.006016414,1307.887761,-0.002801314,1307.887761,-0.002801314,2.5%,-0.5%,$68,5.2%,
0,National,United States,331097593,2025,1,1373.77446,-0.001179526,1306.95587,-7.13E-04,1306.95587,-7.13E-04,2.5%,-0.4%,$67,5.1%,
0,National,United States,331097593,2025,2,1378.23174,0.003242347,1309.308984,0.001800453,1309.308984,0.001800453,2.5%,-0.3%,$69,5.3%,
0,National,United States,331097593,2025,3,1387.06872,0.00641211,1316.600423,0.005568922,1316.600423,0.005568922,2.5%,-0.2%,$70,5.4%,
0,National,United States,331097593,2025,4,1394.2153,0.005150355,1327.304156,0.008129827,1327.304156,0.008129827,2.5%,-0.2%,$67,5.0%,
0,National,United States,331097593,2025,5,1399.73203,0.003960356,1340.255709,0.009757788,1340.255709,0.009757788,2.5%,-0.4%,$59,4.4%,
0,National,United States,331097593,2025,6,1402.48834,0.001972367,1351.428859,0.00833658,1351.428859,0.00833658,2.5%,-0.6%,$51,3.8%,
0,National,United States,331097593,2025,7,1403.10108,4.36E-04,1358.756007,0.005421779,1358.756007,0.005421779,2.5%,-0.8%,$44,3.3%,
0,National,United States,331097593,2025,8,1400.84051,-0.001612641,1360.621095,0.001372644,1360.621095,0.001372644,2.5%,-0.8%,$40,3.0%,
0,National,United States,331097593,2025,9,1393.72532,-0.005079391,1356.989733,-0.002668901,1356.989733,-0.002668901,2.5%,-0.9%,$37,2.7%,
0,National,United States,331097593,2025,10,1382.36517,-0.008148095,1350.903055,-0.004485426,1350.903055,-0.004485426,2.5%,-0.9%,$31,2.3%,
0,National,United States,331097593,2025,11,1368.67172,-0.009913629,1344.46723,-0.004764091,1344.46723,-0.004764091,2.5%,-1.1%,$24,1.8%,
0,National,United States,331097593,2025,12,1358.74454,-0.00724713,1340.700955,-0.002801314,1340.700955,-0.002801314,2.5%,-1.2%,$18,1.3%,
0,National,United States,331097593,2026,1,1356.28654,-0.001811917,1339.745685,-7.13E-04,1339.745685,-7.13E-04,2.5%,-1.3%,$17,1.2%,
0,National,United States,331097593,2026,2,1359.24424,0.002182444,1342.157835,0.001800453,1342.157835,0.001800453,2.5%,-1.4%,$17,1.3%,
0,National,United States,331097593,2026,3,1365.62727,0.004690412,1349.632207,0.005568922,1349.632207,0.005568922,2.5%,-1.5%,$16,1.2%,
0,National,United States,331097593,2026,4,1372.35107,0.004929034,1360.604483,0.008129827,1360.604483,0.008129827,2.5%,-1.6%,$12,0.9%,
0,National,United States,331097593,2026,5,1379.88793,0.00548556,1373.880973,0.009757788,1373.880973,0.009757788,2.5%,-1.4%,$6,0.4%,
0,National,United States,331097593,2026,6,1385.61725,0.004156182,1385.334443,0.00833658,1385.334443,0.00833658,2.5%,-1.2%,$0,0.0%,
0,National,United States,331097593,2026,7,1388.86575,0.002341656,1392.84542,0.005421779,1392.84542,0.005421779,2.5%,-1.0%,-$4,-0.3%,
0,National,United States,331097593,2026,8,1390.21384,9.73E-04,1394.7573,0.001372644,1394.7573,0.001372644,2.5%,-0.8%,-$5,-0.3%,
