Location,Subject,Snippet1,Snippet2,Snippet3
National,New data: US rents converge to long-run trend,"As of August 2026, the national median rent sits at $1,390, almost exactly where it would have been if rent growth since 2020 had remained on the slow and steady trajectory it had been on pre-pandemic ($1,395).","Year-over-year rent growth this decade has ranged from -1.6% to +18%. But those alternating hot and cold spells have now offset such that the average annual growth rate from 2020 to today is 2.5%, the same slow and steady level that we saw pre-pandemic.",This convergence is occurring just as rent growth appears to be stabilizing – 2027 could be the first year since 2019 that we see low single-digits rent growth nationally.
"Albuquerque, NM",New data: Albuquerque rents 20.7% above long-run trend,"As of August 2026, the median rent in Albuquerque sits at $1,219, which is 20.7% above where it would have been if rent growth since 2020 had remained on the slow and steady trajectory of 2.5% annual growth that rent prices nationally had been on pre-pandemic.","The local rent growth trend prior to the pandemic was faster than the national trend, with Albuquerque's median rent increasing by an average of 4.6% from 2017 to 2019.","If Albuquerque's rent growth had continued on its own pre-pandemic trajectory, the median rent today would be $1,145, which is 6.5% above the actual price observed today."
"Anaheim, CA",New data: Anaheim rents 7.1% above long-run trend,"As of August 2026, the median rent in Anaheim sits at $2,309, which is 7.1% above where it would have been if rent growth since 2020 had remained on the slow and steady trajectory of 2.5% annual growth that rent prices nationally had been on pre-pandemic.","The local rent growth trend prior to the pandemic was slower than the national trend, with Anaheim's median rent increasing by an average of 0.2% from 2017 to 2019.","If Anaheim's rent growth had continued on its own pre-pandemic trajectory, the median rent today would be $1,819, which is 27.0% above the actual price observed today."
"Arlington, TX","New data: Arlington, TX rents converging to long-run trend","As of August 2026, the median rent in Arlington, TX sits at $1,261, which is almost exactly where it would have been if rent growth since 2020 had remained on the slow and steady trajectory of 2.5% annual growth that rent prices nationally had been on pre-pandemic.","The local rent growth trend prior to the pandemic was faster than the national trend, with Arlington, TX's median rent increasing by an average of 4.0% from 2017 to 2019.","If Arlington, TX's rent growth had continued on its own pre-pandemic trajectory, the median rent today would be $1,389, which is 9.2% below the actual price observed today."
"Arlington, VA","New data: Arlington, VA rents 2.1% below long-run trend","As of August 2026, the median rent in Arlington, VA sits at $2,612, which is 2.1% below where it would have been if rent growth since 2020 had remained on the slow and steady trajectory of 2.5% annual growth that rent prices nationally had been on pre-pandemic.","The local rent growth trend prior to the pandemic was slower than the national trend, with Arlington, VA's median rent increasing by an average of 2.1% from 2017 to 2019.","If Arlington, VA's rent growth had continued on its own pre-pandemic trajectory, the median rent today would be $2,665, which is in line with the actual price observed today."
"Atlanta, GA",New data: Atlanta rents 8.2% below long-run trend,"As of August 2026, the median rent in Atlanta sits at $1,540, which is 8.2% below where it would have been if rent growth since 2020 had remained on the slow and steady trajectory of 2.5% annual growth that rent prices nationally had been on pre-pandemic.","The local rent growth trend prior to the pandemic was in line with the national trend, with Atlanta's median rent increasing by an average of 2.2% from 2017 to 2019.","If Atlanta's rent growth had continued on its own pre-pandemic trajectory, the median rent today would be $1,639, which is 6.0% below the actual price observed today."
"Aurora, CO",New data: Aurora rents 8.2% below long-run trend,"As of August 2026, the median rent in Aurora sits at $1,525, which is 8.2% below where it would have been if rent growth since 2020 had remained on the slow and steady trajectory of 2.5% annual growth that rent prices nationally had been on pre-pandemic.","The local rent growth trend prior to the pandemic was faster than the national trend, with Aurora's median rent increasing by an average of 3.1% from 2017 to 2019.","If Aurora's rent growth had continued on its own pre-pandemic trajectory, the median rent today would be $1,753, which is 13.0% below the actual price observed today."
"Austin, TX",New data: Austin rents 15.1% below long-run trend,"As of August 2026, the median rent in Austin sits at $1,328, which is 15.1% below where it would have been if rent growth since 2020 had remained on the slow and steady trajectory of 2.5% annual growth that rent prices nationally had been on pre-pandemic.","The local rent growth trend prior to the pandemic was in line with the national trend, with Austin's median rent increasing by an average of 2.7% from 2017 to 2019.","If Austin's rent growth had continued on its own pre-pandemic trajectory, the median rent today would be $1,604, which is 17.2% below the actual price observed today."
"Baltimore, MD",New data: Baltimore rents 3.6% above long-run trend,"As of August 2026, the median rent in Baltimore sits at $1,514, which is 3.6% above where it would have been if rent growth since 2020 had remained on the slow and steady trajectory of 2.5% annual growth that rent prices nationally had been on pre-pandemic.","The local rent growth trend prior to the pandemic was slower than the national trend, with Baltimore's median rent increasing by an average of 0.1% from 2017 to 2019.","If Baltimore's rent growth had continued on its own pre-pandemic trajectory, the median rent today would be $1,259, which is 20.2% above the actual price observed today."
"Baton Rouge, LA",New data: Baton Rouge rents 6.2% above long-run trend,"As of August 2026, the median rent in Baton Rouge sits at $1,150, which is 6.2% above where it would have been if rent growth since 2020 had remained on the slow and steady trajectory of 2.5% annual growth that rent prices nationally had been on pre-pandemic.","The local rent growth trend prior to the pandemic was slower than the national trend, with Baton Rouge's median rent decreasing by an average of 2.1% from 2017 to 2019.","If Baton Rouge's rent growth had continued on its own pre-pandemic trajectory, the median rent today would be $802, which is 43.5% above the actual price observed today."
"Boise, ID",New data: Boise rents 26.1% above long-run trend,"As of August 2026, the median rent in Boise sits at $1,425, which is 26.1% above where it would have been if rent growth since 2020 had remained on the slow and steady trajectory of 2.5% annual growth that rent prices nationally had been on pre-pandemic.","The local rent growth trend prior to the pandemic was faster than the national trend, with Boise's median rent increasing by an average of 6.4% from 2017 to 2019.","If Boise's rent growth had continued on its own pre-pandemic trajectory, the median rent today would be $1,545, which is 7.8% below the actual price observed today."
"Boston, MA",New data: Boston rents 2.7% below long-run trend,"As of August 2026, the median rent in Boston sits at $2,515, which is 2.7% below where it would have been if rent growth since 2020 had remained on the slow and steady trajectory of 2.5% annual growth that rent prices nationally had been on pre-pandemic.","The local rent growth trend prior to the pandemic was faster than the national trend, with Boston's median rent increasing by an average of 3.8% from 2017 to 2019.","If Boston's rent growth had continued on its own pre-pandemic trajectory, the median rent today would be $2,884, which is 12.8% below the actual price observed today."
"Chandler, AZ",New data: Chandler rents converging to long-run trend,"As of August 2026, the median rent in Chandler sits at $1,581, which is almost exactly where it would have been if rent growth since 2020 had remained on the slow and steady trajectory of 2.5% annual growth that rent prices nationally had been on pre-pandemic.","The local rent growth trend prior to the pandemic was faster than the national trend, with Chandler's median rent increasing by an average of 6.0% from 2017 to 2019.","If Chandler's rent growth had continued on its own pre-pandemic trajectory, the median rent today would be $1,920, which is 17.7% below the actual price observed today."
"Charlotte, NC",New data: Charlotte rents 4.1% below long-run trend,"As of August 2026, the median rent in Charlotte sits at $1,381, which is 4.1% below where it would have been if rent growth since 2020 had remained on the slow and steady trajectory of 2.5% annual growth that rent prices nationally had been on pre-pandemic.","The local rent growth trend prior to the pandemic was in line with the national trend, with Charlotte's median rent increasing by an average of 2.3% from 2017 to 2019.","If Charlotte's rent growth had continued on its own pre-pandemic trajectory, the median rent today would be $1,424, which is 3.0% below the actual price observed today."
"Chesapeake, VA",New data: Chesapeake rents 22.3% above long-run trend,"As of August 2026, the median rent in Chesapeake sits at $1,851, which is 22.3% above where it would have been if rent growth since 2020 had remained on the slow and steady trajectory of 2.5% annual growth that rent prices nationally had been on pre-pandemic.","The local rent growth trend prior to the pandemic was faster than the national trend, with Chesapeake's median rent increasing by an average of 3.3% from 2017 to 2019.","If Chesapeake's rent growth had continued on its own pre-pandemic trajectory, the median rent today would be $1,578, which is 17.3% above the actual price observed today."
"Chicago, IL",New data: Chicago rents 4.5% above long-run trend,"As of August 2026, the median rent in Chicago sits at $1,898, which is 4.5% above where it would have been if rent growth since 2020 had remained on the slow and steady trajectory of 2.5% annual growth that rent prices nationally had been on pre-pandemic.","The local rent growth trend prior to the pandemic was in line with the national trend, with Chicago's median rent increasing by an average of 2.8% from 2017 to 2019.","If Chicago's rent growth had continued on its own pre-pandemic trajectory, the median rent today would be $1,852, which is 2.5% above the actual price observed today."
"Chula Vista, CA",New data: Chula Vista rents 10.2% above long-run trend,"As of August 2026, the median rent in Chula Vista sits at $2,338, which is 10.2% above where it would have been if rent growth since 2020 had remained on the slow and steady trajectory of 2.5% annual growth that rent prices nationally had been on pre-pandemic.","The local rent growth trend prior to the pandemic was faster than the national trend, with Chula Vista's median rent increasing by an average of 3.7% from 2017 to 2019.","If Chula Vista's rent growth had continued on its own pre-pandemic trajectory, the median rent today would be $2,295, which is in line with the actual price observed today."
"Cincinnati, OH",New data: Cincinnati rents 11.0% above long-run trend,"As of August 2026, the median rent in Cincinnati sits at $1,092, which is 11.0% above where it would have been if rent growth since 2020 had remained on the slow and steady trajectory of 2.5% annual growth that rent prices nationally had been on pre-pandemic.","The local rent growth trend prior to the pandemic was faster than the national trend, with Cincinnati's median rent increasing by an average of 3.4% from 2017 to 2019.","If Cincinnati's rent growth had continued on its own pre-pandemic trajectory, the median rent today would be $1,021, which is 6.9% above the actual price observed today."
"Cleveland, OH",New data: Cleveland rents 7.3% below long-run trend,"As of August 2026, the median rent in Cleveland sits at $1,045, which is 7.3% below where it would have been if rent growth since 2020 had remained on the slow and steady trajectory of 2.5% annual growth that rent prices nationally had been on pre-pandemic.","The local rent growth trend prior to the pandemic was slower than the national trend, with Cleveland's median rent increasing by an average of 1.0% from 2017 to 2019.","If Cleveland's rent growth had continued on its own pre-pandemic trajectory, the median rent today would be $999, which is 4.6% above the actual price observed today."
"Colorado Springs, CO",New data: Colorado Springs rents 6.3% below long-run trend,"As of August 2026, the median rent in Colorado Springs sits at $1,359, which is 6.3% below where it would have been if rent growth since 2020 had remained on the slow and steady trajectory of 2.5% annual growth that rent prices nationally had been on pre-pandemic.","The local rent growth trend prior to the pandemic was faster than the national trend, with Colorado Springs's median rent increasing by an average of 5.2% from 2017 to 2019.","If Colorado Springs's rent growth had continued on its own pre-pandemic trajectory, the median rent today would be $1,746, which is 22.1% below the actual price observed today."
"Columbus, OH",New data: Columbus rents 4.1% above long-run trend,"As of August 2026, the median rent in Columbus sits at $1,308, which is 4.1% above where it would have been if rent growth since 2020 had remained on the slow and steady trajectory of 2.5% annual growth that rent prices nationally had been on pre-pandemic.","The local rent growth trend prior to the pandemic was slower than the national trend, with Columbus's median rent increasing by an average of 1.9% from 2017 to 2019.","If Columbus's rent growth had continued on its own pre-pandemic trajectory, the median rent today would be $1,208, which is 8.3% above the actual price observed today."
"Corpus Christi, TX",New data: Corpus Christi rents 9.4% below long-run trend,"As of August 2026, the median rent in Corpus Christi sits at $1,232, which is 9.4% below where it would have been if rent growth since 2020 had remained on the slow and steady trajectory of 2.5% annual growth that rent prices nationally had been on pre-pandemic.","The local rent growth trend prior to the pandemic was slower than the national trend, with Corpus Christi's median rent increasing by an average of 1.4% from 2017 to 2019.","If Corpus Christi's rent growth had continued on its own pre-pandemic trajectory, the median rent today would be $1,269, which is 2.9% below the actual price observed today."
"Dallas, TX",New data: Dallas rents 3.3% below long-run trend,"As of August 2026, the median rent in Dallas sits at $1,329, which is 3.3% below where it would have been if rent growth since 2020 had remained on the slow and steady trajectory of 2.5% annual growth that rent prices nationally had been on pre-pandemic.","The local rent growth trend prior to the pandemic was slower than the national trend, with Dallas's median rent increasing by an average of 1.8% from 2017 to 2019.","If Dallas's rent growth had continued on its own pre-pandemic trajectory, the median rent today would be $1,302, which is 2.0% above the actual price observed today."
"Denver, CO",New data: Denver rents 13.5% below long-run trend,"As of August 2026, the median rent in Denver sits at $1,616, which is 13.5% below where it would have been if rent growth since 2020 had remained on the slow and steady trajectory of 2.5% annual growth that rent prices nationally had been on pre-pandemic.","The local rent growth trend prior to the pandemic was faster than the national trend, with Denver's median rent increasing by an average of 3.0% from 2017 to 2019.","If Denver's rent growth had continued on its own pre-pandemic trajectory, the median rent today would be $1,957, which is 17.4% below the actual price observed today."
"Des Moines, IA",New data: Des Moines rents 7.9% below long-run trend,"As of August 2026, the median rent in Des Moines sits at $1,052, which is 7.9% below where it would have been if rent growth since 2020 had remained on the slow and steady trajectory of 2.5% annual growth that rent prices nationally had been on pre-pandemic.","The local rent growth trend prior to the pandemic was slower than the national trend, with Des Moines's median rent decreasing by an average of 2.3% from 2017 to 2019.","If Des Moines's rent growth had continued on its own pre-pandemic trajectory, the median rent today would be $856, which is 22.8% above the actual price observed today."
"Detroit, MI",New data: Detroit rents 9.4% below long-run trend,"As of August 2026, the median rent in Detroit sits at $1,054, which is 9.4% below where it would have been if rent growth since 2020 had remained on the slow and steady trajectory of 2.5% annual growth that rent prices nationally had been on pre-pandemic.","The local rent growth trend prior to the pandemic was in line with the national trend, with Detroit's median rent increasing by an average of 2.4% from 2017 to 2019.","If Detroit's rent growth had continued on its own pre-pandemic trajectory, the median rent today would be $1,140, which is 7.5% below the actual price observed today."
"Durham, NC",New data: Durham rents converging to long-run trend,"As of August 2026, the median rent in Durham sits at $1,351, which is almost exactly where it would have been if rent growth since 2020 had remained on the slow and steady trajectory of 2.5% annual growth that rent prices nationally had been on pre-pandemic.","The local rent growth trend prior to the pandemic was faster than the national trend, with Durham's median rent increasing by an average of 3.5% from 2017 to 2019.","If Durham's rent growth had continued on its own pre-pandemic trajectory, the median rent today would be $1,441, which is 6.2% below the actual price observed today."
"El Paso, TX",New data: El Paso rents 16.2% above long-run trend,"As of August 2026, the median rent in El Paso sits at $1,174, which is 16.2% above where it would have been if rent growth since 2020 had remained on the slow and steady trajectory of 2.5% annual growth that rent prices nationally had been on pre-pandemic.","The local rent growth trend prior to the pandemic was slower than the national trend, with El Paso's median rent increasing by an average of 1.6% from 2017 to 2019.","If El Paso's rent growth had continued on its own pre-pandemic trajectory, the median rent today would be $943, which is 24.5% above the actual price observed today."
"Fort Wayne, IN",New data: Fort Wayne rents 17.6% above long-run trend,"As of August 2026, the median rent in Fort Wayne sits at $1,089, which is 17.6% above where it would have been if rent growth since 2020 had remained on the slow and steady trajectory of 2.5% annual growth that rent prices nationally had been on pre-pandemic.","The local rent growth trend prior to the pandemic was faster than the national trend, with Fort Wayne's median rent increasing by an average of 5.0% from 2017 to 2019.","If Fort Wayne's rent growth had continued on its own pre-pandemic trajectory, the median rent today would be $1,072, which is in line with the actual price observed today."
"Fort Worth, TX",New data: Fort Worth rents 4.7% below long-run trend,"As of August 2026, the median rent in Fort Worth sits at $1,337, which is 4.7% below where it would have been if rent growth since 2020 had remained on the slow and steady trajectory of 2.5% annual growth that rent prices nationally had been on pre-pandemic.","The local rent growth trend prior to the pandemic was slower than the national trend, with Fort Worth's median rent increasing by an average of 1.1% from 2017 to 2019.","If Fort Worth's rent growth had continued on its own pre-pandemic trajectory, the median rent today would be $1,283, which is 4.2% above the actual price observed today."
"Fremont, CA",New data: Fremont rents 3.3% below long-run trend,"As of August 2026, the median rent in Fremont sits at $2,968, which is 3.3% below where it would have been if rent growth since 2020 had remained on the slow and steady trajectory of 2.5% annual growth that rent prices nationally had been on pre-pandemic.","The local rent growth trend prior to the pandemic was slower than the national trend, with Fremont's median rent increasing by an average of 1.6% from 2017 to 2019.","If Fremont's rent growth had continued on its own pre-pandemic trajectory, the median rent today would be $2,906, which is 2.1% above the actual price observed today."
"Fresno, CA",New data: Fresno rents 13.5% above long-run trend,"As of August 2026, the median rent in Fresno sits at $1,415, which is 13.5% above where it would have been if rent growth since 2020 had remained on the slow and steady trajectory of 2.5% annual growth that rent prices nationally had been on pre-pandemic.","The local rent growth trend prior to the pandemic was faster than the national trend, with Fresno's median rent increasing by an average of 5.5% from 2017 to 2019.","If Fresno's rent growth had continued on its own pre-pandemic trajectory, the median rent today would be $1,555, which is 9.0% below the actual price observed today."
"Garland, TX",New data: Garland rents 4.1% below long-run trend,"As of August 2026, the median rent in Garland sits at $1,273, which is 4.1% below where it would have been if rent growth since 2020 had remained on the slow and steady trajectory of 2.5% annual growth that rent prices nationally had been on pre-pandemic.","The local rent growth trend prior to the pandemic was faster than the national trend, with Garland's median rent increasing by an average of 3.6% from 2017 to 2019.","If Garland's rent growth had continued on its own pre-pandemic trajectory, the median rent today would be $1,413, which is 9.9% below the actual price observed today."
"Gilbert, AZ",New data: Gilbert rents converging to long-run trend,"As of August 2026, the median rent in Gilbert sits at $1,698, which is almost exactly where it would have been if rent growth since 2020 had remained on the slow and steady trajectory of 2.5% annual growth that rent prices nationally had been on pre-pandemic.","The local rent growth trend prior to the pandemic was faster than the national trend, with Gilbert's median rent increasing by an average of 5.3% from 2017 to 2019.","If Gilbert's rent growth had continued on its own pre-pandemic trajectory, the median rent today would be $2,000, which is 15.1% below the actual price observed today."
"Glendale, AZ",New data: Glendale rents converging to long-run trend,"As of August 2026, the median rent in Glendale sits at $1,211, which is almost exactly where it would have been if rent growth since 2020 had remained on the slow and steady trajectory of 2.5% annual growth that rent prices nationally had been on pre-pandemic.","The local rent growth trend prior to the pandemic was faster than the national trend, with Glendale's median rent increasing by an average of 6.0% from 2017 to 2019.","If Glendale's rent growth had continued on its own pre-pandemic trajectory, the median rent today would be $1,519, which is 20.3% below the actual price observed today."
"Greensboro, NC",New data: Greensboro rents 18.9% above long-run trend,"As of August 2026, the median rent in Greensboro sits at $1,150, which is 18.9% above where it would have been if rent growth since 2020 had remained on the slow and steady trajectory of 2.5% annual growth that rent prices nationally had been on pre-pandemic.","The local rent growth trend prior to the pandemic was faster than the national trend, with Greensboro's median rent increasing by an average of 3.9% from 2017 to 2019.","If Greensboro's rent growth had continued on its own pre-pandemic trajectory, the median rent today would be $1,068, which is 7.7% above the actual price observed today."
"Henderson, NV",New data: Henderson rents converging to long-run trend,"As of August 2026, the median rent in Henderson sits at $1,628, which is almost exactly where it would have been if rent growth since 2020 had remained on the slow and steady trajectory of 2.5% annual growth that rent prices nationally had been on pre-pandemic.","The local rent growth trend prior to the pandemic was faster than the national trend, with Henderson's median rent increasing by an average of 7.3% from 2017 to 2019.","If Henderson's rent growth had continued on its own pre-pandemic trajectory, the median rent today would be $2,213, which is 26.4% below the actual price observed today."
"Houston, TX",New data: Houston rents 10.5% below long-run trend,"As of August 2026, the median rent in Houston sits at $1,268, which is 10.5% below where it would have been if rent growth since 2020 had remained on the slow and steady trajectory of 2.5% annual growth that rent prices nationally had been on pre-pandemic.","The local rent growth trend prior to the pandemic was slower than the national trend, with Houston's median rent increasing by an average of 0.4% from 2017 to 2019.","If Houston's rent growth had continued on its own pre-pandemic trajectory, the median rent today would be $1,214, which is 4.5% above the actual price observed today."
"Huntsville, AL",New data: Huntsville rents 6.8% below long-run trend,"As of August 2026, the median rent in Huntsville sits at $1,003, which is 6.8% below where it would have been if rent growth since 2020 had remained on the slow and steady trajectory of 2.5% annual growth that rent prices nationally had been on pre-pandemic.","The local rent growth trend prior to the pandemic was faster than the national trend, with Huntsville's median rent increasing by an average of 6.5% from 2017 to 2019.","If Huntsville's rent growth had continued on its own pre-pandemic trajectory, the median rent today would be $1,355, which is 26.0% below the actual price observed today."
"Indianapolis, IN",New data: Indianapolis rents 7.9% above long-run trend,"As of August 2026, the median rent in Indianapolis sits at $1,237, which is 7.9% above where it would have been if rent growth since 2020 had remained on the slow and steady trajectory of 2.5% annual growth that rent prices nationally had been on pre-pandemic.","The local rent growth trend prior to the pandemic was faster than the national trend, with Indianapolis's median rent increasing by an average of 3.5% from 2017 to 2019.","If Indianapolis's rent growth had continued on its own pre-pandemic trajectory, the median rent today would be $1,215, which is in line with the actual price observed today."
"Irvine, CA",New data: Irvine rents 7.6% above long-run trend,"As of August 2026, the median rent in Irvine sits at $3,092, which is 7.6% above where it would have been if rent growth since 2020 had remained on the slow and steady trajectory of 2.5% annual growth that rent prices nationally had been on pre-pandemic.","The local rent growth trend prior to the pandemic was slower than the national trend, with Irvine's median rent increasing by an average of 1.8% from 2017 to 2019.","If Irvine's rent growth had continued on its own pre-pandemic trajectory, the median rent today would be $2,639, which is 17.2% above the actual price observed today."
"Irving, TX",New data: Irving rents converging to long-run trend,"As of August 2026, the median rent in Irving sits at $1,421, which is almost exactly where it would have been if rent growth since 2020 had remained on the slow and steady trajectory of 2.5% annual growth that rent prices nationally had been on pre-pandemic.","The local rent growth trend prior to the pandemic was in line with the national trend, with Irving's median rent increasing by an average of 2.2% from 2017 to 2019.","If Irving's rent growth had continued on its own pre-pandemic trajectory, the median rent today would be $1,394, which is in line with the actual price observed today."
"Jacksonville, FL",New data: Jacksonville rents 2.4% above long-run trend,"As of August 2026, the median rent in Jacksonville sits at $1,322, which is 2.4% above where it would have been if rent growth since 2020 had remained on the slow and steady trajectory of 2.5% annual growth that rent prices nationally had been on pre-pandemic.","The local rent growth trend prior to the pandemic was faster than the national trend, with Jacksonville's median rent increasing by an average of 3.8% from 2017 to 2019.","If Jacksonville's rent growth had continued on its own pre-pandemic trajectory, the median rent today would be $1,399, which is 5.5% below the actual price observed today."
"Jersey City, NJ",New data: Jersey City rents 5.8% above long-run trend,"As of August 2026, the median rent in Jersey City sits at $2,527, which is 5.8% above where it would have been if rent growth since 2020 had remained on the slow and steady trajectory of 2.5% annual growth that rent prices nationally had been on pre-pandemic.","The local rent growth trend prior to the pandemic was faster than the national trend, with Jersey City's median rent increasing by an average of 2.8% from 2017 to 2019.","If Jersey City's rent growth had continued on its own pre-pandemic trajectory, the median rent today would be $2,457, which is 2.9% above the actual price observed today."
"Kansas City, MO",New data: Kansas City rents 4.5% above long-run trend,"As of August 2026, the median rent in Kansas City sits at $1,371, which is 4.5% above where it would have been if rent growth since 2020 had remained on the slow and steady trajectory of 2.5% annual growth that rent prices nationally had been on pre-pandemic.","The local rent growth trend prior to the pandemic was slower than the national trend, with Kansas City's median rent increasing by an average of 1.5% from 2017 to 2019.","If Kansas City's rent growth had continued on its own pre-pandemic trajectory, the median rent today would be $1,222, which is 12.2% above the actual price observed today."
"Las Vegas, NV",New data: Las Vegas rents converging to long-run trend,"As of August 2026, the median rent in Las Vegas sits at $1,335, which is almost exactly where it would have been if rent growth since 2020 had remained on the slow and steady trajectory of 2.5% annual growth that rent prices nationally had been on pre-pandemic.","The local rent growth trend prior to the pandemic was faster than the national trend, with Las Vegas's median rent increasing by an average of 6.4% from 2017 to 2019.","If Las Vegas's rent growth had continued on its own pre-pandemic trajectory, the median rent today would be $1,696, which is 21.3% below the actual price observed today."
"Lexington, KY",New data: Lexington rents 20.4% above long-run trend,"As of August 2026, the median rent in Lexington sits at $1,234, which is 20.4% above where it would have been if rent growth since 2020 had remained on the slow and steady trajectory of 2.5% annual growth that rent prices nationally had been on pre-pandemic.","The local rent growth trend prior to the pandemic was faster than the national trend, with Lexington's median rent increasing by an average of 3.7% from 2017 to 2019.","If Lexington's rent growth had continued on its own pre-pandemic trajectory, the median rent today would be $1,136, which is 8.7% above the actual price observed today."
"Lincoln, NE",New data: Lincoln rents 13.6% above long-run trend,"As of August 2026, the median rent in Lincoln sits at $1,195, which is 13.6% above where it would have been if rent growth since 2020 had remained on the slow and steady trajectory of 2.5% annual growth that rent prices nationally had been on pre-pandemic.","The local rent growth trend prior to the pandemic was in line with the national trend, with Lincoln's median rent increasing by an average of 2.5% from 2017 to 2019.","If Lincoln's rent growth had continued on its own pre-pandemic trajectory, the median rent today would be $1,041, which is 14.8% above the actual price observed today."
"Long Beach, CA",New data: Long Beach rents 4.1% below long-run trend,"As of August 2026, the median rent in Long Beach sits at $1,795, which is 4.1% below where it would have been if rent growth since 2020 had remained on the slow and steady trajectory of 2.5% annual growth that rent prices nationally had been on pre-pandemic.","The local rent growth trend prior to the pandemic was faster than the national trend, with Long Beach's median rent increasing by an average of 3.0% from 2017 to 2019.","If Long Beach's rent growth had continued on its own pre-pandemic trajectory, the median rent today would be $1,912, which is 6.1% below the actual price observed today."
"Los Angeles, CA",New data: Los Angeles rents 15.5% below long-run trend,"As of August 2026, the median rent in Los Angeles sits at $2,075, which is 15.5% below where it would have been if rent growth since 2020 had remained on the slow and steady trajectory of 2.5% annual growth that rent prices nationally had been on pre-pandemic.","The local rent growth trend prior to the pandemic was in line with the national trend, with Los Angeles's median rent increasing by an average of 2.2% from 2017 to 2019.","If Los Angeles's rent growth had continued on its own pre-pandemic trajectory, the median rent today would be $2,386, which is 13.1% below the actual price observed today."
"Louisville, KY",New data: Louisville rents 4.7% above long-run trend,"As of August 2026, the median rent in Louisville sits at $1,203, which is 4.7% above where it would have been if rent growth since 2020 had remained on the slow and steady trajectory of 2.5% annual growth that rent prices nationally had been on pre-pandemic.","The local rent growth trend prior to the pandemic was slower than the national trend, with Louisville's median rent increasing by an average of 1.6% from 2017 to 2019.","If Louisville's rent growth had continued on its own pre-pandemic trajectory, the median rent today would be $1,072, which is 12.2% above the actual price observed today."
"Madison, WI",New data: Madison rents 20.6% above long-run trend,"As of August 2026, the median rent in Madison sits at $1,566, which is 20.6% above where it would have been if rent growth since 2020 had remained on the slow and steady trajectory of 2.5% annual growth that rent prices nationally had been on pre-pandemic.","The local rent growth trend prior to the pandemic was faster than the national trend, with Madison's median rent increasing by an average of 5.5% from 2017 to 2019.","If Madison's rent growth had continued on its own pre-pandemic trajectory, the median rent today would be $1,581, which is in line with the actual price observed today."
"Memphis, TN",New data: Memphis rents converging to long-run trend,"As of August 2026, the median rent in Memphis sits at $1,066, which is almost exactly where it would have been if rent growth since 2020 had remained on the slow and steady trajectory of 2.5% annual growth that rent prices nationally had been on pre-pandemic.","The local rent growth trend prior to the pandemic was in line with the national trend, with Memphis's median rent increasing by an average of 2.5% from 2017 to 2019.","If Memphis's rent growth had continued on its own pre-pandemic trajectory, the median rent today would be $1,059, which is in line with the actual price observed today."
"Mesa, AZ",New data: Mesa rents converging to long-run trend,"As of August 2026, the median rent in Mesa sits at $1,292, which is almost exactly where it would have been if rent growth since 2020 had remained on the slow and steady trajectory of 2.5% annual growth that rent prices nationally had been on pre-pandemic.","The local rent growth trend prior to the pandemic was faster than the national trend, with Mesa's median rent increasing by an average of 8.0% from 2017 to 2019.","If Mesa's rent growth had continued on its own pre-pandemic trajectory, the median rent today would be $1,837, which is 29.7% below the actual price observed today."
"Miami, FL",New data: Miami rents 10.8% above long-run trend,"As of August 2026, the median rent in Miami sits at $1,927, which is 10.8% above where it would have been if rent growth since 2020 had remained on the slow and steady trajectory of 2.5% annual growth that rent prices nationally had been on pre-pandemic.","The local rent growth trend prior to the pandemic was slower than the national trend, with Miami's median rent increasing by an average of 0.8% from 2017 to 2019.","If Miami's rent growth had continued on its own pre-pandemic trajectory, the median rent today would be $1,519, which is 26.9% above the actual price observed today."
"Milwaukee, WI",New data: Milwaukee rents 4.7% above long-run trend,"As of August 2026, the median rent in Milwaukee sits at $1,200, which is 4.7% above where it would have been if rent growth since 2020 had remained on the slow and steady trajectory of 2.5% annual growth that rent prices nationally had been on pre-pandemic.","The local rent growth trend prior to the pandemic was slower than the national trend, with Milwaukee's median rent increasing by an average of 1.3% from 2017 to 2019.","If Milwaukee's rent growth had continued on its own pre-pandemic trajectory, the median rent today would be $1,068, which is 12.3% above the actual price observed today."
"Minneapolis, MN",New data: Minneapolis rents 14.7% below long-run trend,"As of August 2026, the median rent in Minneapolis sits at $1,469, which is 14.7% below where it would have been if rent growth since 2020 had remained on the slow and steady trajectory of 2.5% annual growth that rent prices nationally had been on pre-pandemic.","The local rent growth trend prior to the pandemic was in line with the national trend, with Minneapolis's median rent increasing by an average of 2.4% from 2017 to 2019.","If Minneapolis's rent growth had continued on its own pre-pandemic trajectory, the median rent today would be $1,707, which is 13.9% below the actual price observed today."
"Moreno Valley, CA",New data: Moreno Valley rents 14.2% above long-run trend,"As of August 2026, the median rent in Moreno Valley sits at $1,977, which is 14.2% above where it would have been if rent growth since 2020 had remained on the slow and steady trajectory of 2.5% annual growth that rent prices nationally had been on pre-pandemic.","The local rent growth trend prior to the pandemic was faster than the national trend, with Moreno Valley's median rent increasing by an average of 4.2% from 2017 to 2019.","If Moreno Valley's rent growth had continued on its own pre-pandemic trajectory, the median rent today would be $1,916, which is 3.2% above the actual price observed today."
"Nashville, TN",New data: Nashville rents 6.2% below long-run trend,"As of August 2026, the median rent in Nashville sits at $1,373, which is 6.2% below where it would have been if rent growth since 2020 had remained on the slow and steady trajectory of 2.5% annual growth that rent prices nationally had been on pre-pandemic.","The local rent growth trend prior to the pandemic was slower than the national trend, with Nashville's median rent increasing by an average of 1.0% from 2017 to 2019.","If Nashville's rent growth had continued on its own pre-pandemic trajectory, the median rent today would be $1,342, which is 2.3% above the actual price observed today."
"New Orleans, LA",New data: New Orleans rents 12.5% below long-run trend,"As of August 2026, the median rent in New Orleans sits at $1,234, which is 12.5% below where it would have been if rent growth since 2020 had remained on the slow and steady trajectory of 2.5% annual growth that rent prices nationally had been on pre-pandemic.","The local rent growth trend prior to the pandemic was slower than the national trend, with New Orleans's median rent increasing by an average of 0.5% from 2017 to 2019.","If New Orleans's rent growth had continued on its own pre-pandemic trajectory, the median rent today would be $1,208, which is 2.1% above the actual price observed today."
"New York City, NY",New data: New York City rents 9.2% above long-run trend,"As of August 2026, the median rent in New York City sits at $2,598, which is 9.2% above where it would have been if rent growth since 2020 had remained on the slow and steady trajectory of 2.5% annual growth that rent prices nationally had been on pre-pandemic.","The local rent growth trend prior to the pandemic was in line with the national trend, with New York City's median rent increasing by an average of 2.6% from 2017 to 2019.","If New York City's rent growth had continued on its own pre-pandemic trajectory, the median rent today would be $2,443, which is 6.4% above the actual price observed today."
"Newark, NJ",New data: Newark rents 2.1% above long-run trend,"As of August 2026, the median rent in Newark sits at $1,692, which is 2.1% above where it would have been if rent growth since 2020 had remained on the slow and steady trajectory of 2.5% annual growth that rent prices nationally had been on pre-pandemic.","The local rent growth trend prior to the pandemic was slower than the national trend, with Newark's median rent increasing by an average of 2.0% from 2017 to 2019.","If Newark's rent growth had continued on its own pre-pandemic trajectory, the median rent today would be $1,612, which is 5.0% above the actual price observed today."
"Norfolk, VA",New data: Norfolk rents 20.5% above long-run trend,"As of August 2026, the median rent in Norfolk sits at $1,649, which is 20.5% above where it would have been if rent growth since 2020 had remained on the slow and steady trajectory of 2.5% annual growth that rent prices nationally had been on pre-pandemic.","The local rent growth trend prior to the pandemic was faster than the national trend, with Norfolk's median rent increasing by an average of 3.3% from 2017 to 2019.","If Norfolk's rent growth had continued on its own pre-pandemic trajectory, the median rent today would be $1,414, which is 16.6% above the actual price observed today."
"North Las Vegas, NV",New data: North Las Vegas rents 8.7% above long-run trend,"As of August 2026, the median rent in North Las Vegas sits at $1,525, which is 8.7% above where it would have been if rent growth since 2020 had remained on the slow and steady trajectory of 2.5% annual growth that rent prices nationally had been on pre-pandemic.","The local rent growth trend prior to the pandemic was faster than the national trend, with North Las Vegas's median rent increasing by an average of 6.6% from 2017 to 2019.","If North Las Vegas's rent growth had continued on its own pre-pandemic trajectory, the median rent today would be $1,792, which is 14.9% below the actual price observed today."
"Oakland, CA",New data: Oakland rents 25.2% below long-run trend,"As of August 2026, the median rent in Oakland sits at $2,335, which is 25.2% below where it would have been if rent growth since 2020 had remained on the slow and steady trajectory of 2.5% annual growth that rent prices nationally had been on pre-pandemic.","The local rent growth trend prior to the pandemic was faster than the national trend, with Oakland's median rent increasing by an average of 3.8% from 2017 to 2019.","If Oakland's rent growth had continued on its own pre-pandemic trajectory, the median rent today would be $3,460, which is 32.5% below the actual price observed today."
"Oklahoma City, OK",New data: Oklahoma City rents 7.6% above long-run trend,"As of August 2026, the median rent in Oklahoma City sits at $1,110, which is 7.6% above where it would have been if rent growth since 2020 had remained on the slow and steady trajectory of 2.5% annual growth that rent prices nationally had been on pre-pandemic.","The local rent growth trend prior to the pandemic was slower than the national trend, with Oklahoma City's median rent increasing by an average of 0.5% from 2017 to 2019.","If Oklahoma City's rent growth had continued on its own pre-pandemic trajectory, the median rent today would be $894, which is 24.2% above the actual price observed today."
"Omaha, NE",New data: Omaha rents 7.0% above long-run trend,"As of August 2026, the median rent in Omaha sits at $1,267, which is 7.0% above where it would have been if rent growth since 2020 had remained on the slow and steady trajectory of 2.5% annual growth that rent prices nationally had been on pre-pandemic.","The local rent growth trend prior to the pandemic was faster than the national trend, with Omaha's median rent increasing by an average of 3.2% from 2017 to 2019.","If Omaha's rent growth had continued on its own pre-pandemic trajectory, the median rent today would be $1,215, which is 4.2% above the actual price observed today."
"Orlando, FL",New data: Orlando rents converging to long-run trend,"As of August 2026, the median rent in Orlando sits at $1,529, which is almost exactly where it would have been if rent growth since 2020 had remained on the slow and steady trajectory of 2.5% annual growth that rent prices nationally had been on pre-pandemic.","The local rent growth trend prior to the pandemic was faster than the national trend, with Orlando's median rent increasing by an average of 4.1% from 2017 to 2019.","If Orlando's rent growth had continued on its own pre-pandemic trajectory, the median rent today would be $1,685, which is 9.2% below the actual price observed today."
"Philadelphia, PA",New data: Philadelphia rents 4.4% below long-run trend,"As of August 2026, the median rent in Philadelphia sits at $1,447, which is 4.4% below where it would have been if rent growth since 2020 had remained on the slow and steady trajectory of 2.5% annual growth that rent prices nationally had been on pre-pandemic.","The local rent growth trend prior to the pandemic was slower than the national trend, with Philadelphia's median rent increasing by an average of 1.0% from 2017 to 2019.","If Philadelphia's rent growth had continued on its own pre-pandemic trajectory, the median rent today would be $1,378, which is 5.0% above the actual price observed today."
"Phoenix, AZ",New data: Phoenix rents 4.4% below long-run trend,"As of August 2026, the median rent in Phoenix sits at $1,254, which is 4.4% below where it would have been if rent growth since 2020 had remained on the slow and steady trajectory of 2.5% annual growth that rent prices nationally had been on pre-pandemic.","The local rent growth trend prior to the pandemic was faster than the national trend, with Phoenix's median rent increasing by an average of 7.3% from 2017 to 2019.","If Phoenix's rent growth had continued on its own pre-pandemic trajectory, the median rent today would be $1,765, which is 28.9% below the actual price observed today."
"Pittsburgh, PA",New data: Pittsburgh rents converging to long-run trend,"As of August 2026, the median rent in Pittsburgh sits at $1,446, which is almost exactly where it would have been if rent growth since 2020 had remained on the slow and steady trajectory of 2.5% annual growth that rent prices nationally had been on pre-pandemic.","The local rent growth trend prior to the pandemic was faster than the national trend, with Pittsburgh's median rent increasing by an average of 3.2% from 2017 to 2019.","If Pittsburgh's rent growth had continued on its own pre-pandemic trajectory, the median rent today would be $1,513, which is 4.4% below the actual price observed today."
"Plano, TX",New data: Plano rents 4.3% below long-run trend,"As of August 2026, the median rent in Plano sits at $1,629, which is 4.3% below where it would have been if rent growth since 2020 had remained on the slow and steady trajectory of 2.5% annual growth that rent prices nationally had been on pre-pandemic.","The local rent growth trend prior to the pandemic was faster than the national trend, with Plano's median rent increasing by an average of 3.0% from 2017 to 2019.","If Plano's rent growth had continued on its own pre-pandemic trajectory, the median rent today would be $1,748, which is 6.8% below the actual price observed today."
"Port St. Lucie, FL",New data: Port St. Lucie rents 2.4% above long-run trend,"As of August 2026, the median rent in Port St. Lucie sits at $2,121, which is 2.4% above where it would have been if rent growth since 2020 had remained on the slow and steady trajectory of 2.5% annual growth that rent prices nationally had been on pre-pandemic.","The local rent growth trend prior to the pandemic was faster than the national trend, with Port St. Lucie's median rent increasing by an average of 11.9% from 2017 to 2019.","If Port St. Lucie's rent growth had continued on its own pre-pandemic trajectory, the median rent today would be $3,697, which is 42.6% below the actual price observed today."
"Portland, OR",New data: Portland rents 15.7% below long-run trend,"As of August 2026, the median rent in Portland sits at $1,561, which is 15.7% below where it would have been if rent growth since 2020 had remained on the slow and steady trajectory of 2.5% annual growth that rent prices nationally had been on pre-pandemic.","The local rent growth trend prior to the pandemic was slower than the national trend, with Portland's median rent decreasing by an average of 0.3% from 2017 to 2019.","If Portland's rent growth had continued on its own pre-pandemic trajectory, the median rent today would be $1,560, which is in line with the actual price observed today."
"Raleigh, NC",New data: Raleigh rents converging to long-run trend,"As of August 2026, the median rent in Raleigh sits at $1,375, which is almost exactly where it would have been if rent growth since 2020 had remained on the slow and steady trajectory of 2.5% annual growth that rent prices nationally had been on pre-pandemic.","The local rent growth trend prior to the pandemic was slower than the national trend, with Raleigh's median rent increasing by an average of 1.9% from 2017 to 2019.","If Raleigh's rent growth had continued on its own pre-pandemic trajectory, the median rent today would be $1,363, which is in line with the actual price observed today."
"Reno, NV",New data: Reno rents 8.1% above long-run trend,"As of August 2026, the median rent in Reno sits at $1,451, which is 8.1% above where it would have been if rent growth since 2020 had remained on the slow and steady trajectory of 2.5% annual growth that rent prices nationally had been on pre-pandemic.","The local rent growth trend prior to the pandemic was in line with the national trend, with Reno's median rent increasing by an average of 2.5% from 2017 to 2019.","If Reno's rent growth had continued on its own pre-pandemic trajectory, the median rent today would be $1,372, which is 5.8% above the actual price observed today."
"Richmond, VA",New data: Richmond rents 5.7% above long-run trend,"As of August 2026, the median rent in Richmond sits at $1,417, which is 5.7% above where it would have been if rent growth since 2020 had remained on the slow and steady trajectory of 2.5% annual growth that rent prices nationally had been on pre-pandemic.","The local rent growth trend prior to the pandemic was faster than the national trend, with Richmond's median rent increasing by an average of 4.2% from 2017 to 2019.","If Richmond's rent growth had continued on its own pre-pandemic trajectory, the median rent today would be $1,487, which is 4.7% below the actual price observed today."
"Riverside, CA",New data: Riverside rents 7.5% above long-run trend,"As of August 2026, the median rent in Riverside sits at $1,830, which is 7.5% above where it would have been if rent growth since 2020 had remained on the slow and steady trajectory of 2.5% annual growth that rent prices nationally had been on pre-pandemic.","The local rent growth trend prior to the pandemic was faster than the national trend, with Riverside's median rent increasing by an average of 6.2% from 2017 to 2019.","If Riverside's rent growth had continued on its own pre-pandemic trajectory, the median rent today would be $2,115, which is 13.5% below the actual price observed today."
"Sacramento, CA",New data: Sacramento rents 2.0% below long-run trend,"As of August 2026, the median rent in Sacramento sits at $1,669, which is 2.0% below where it would have been if rent growth since 2020 had remained on the slow and steady trajectory of 2.5% annual growth that rent prices nationally had been on pre-pandemic.","The local rent growth trend prior to the pandemic was faster than the national trend, with Sacramento's median rent increasing by an average of 5.1% from 2017 to 2019.","If Sacramento's rent growth had continued on its own pre-pandemic trajectory, the median rent today would be $2,033, which is 17.9% below the actual price observed today."
"San Antonio, TX",New data: San Antonio rents 11.2% below long-run trend,"As of August 2026, the median rent in San Antonio sits at $1,123, which is 11.2% below where it would have been if rent growth since 2020 had remained on the slow and steady trajectory of 2.5% annual growth that rent prices nationally had been on pre-pandemic.","The local rent growth trend prior to the pandemic was slower than the national trend, with San Antonio's median rent increasing by an average of 1.1% from 2017 to 2019.","If San Antonio's rent growth had continued on its own pre-pandemic trajectory, the median rent today would be $1,149, which is 2.2% below the actual price observed today."
"San Diego, CA",New data: San Diego rents 3.9% above long-run trend,"As of August 2026, the median rent in San Diego sits at $2,313, which is 3.9% above where it would have been if rent growth since 2020 had remained on the slow and steady trajectory of 2.5% annual growth that rent prices nationally had been on pre-pandemic.","The local rent growth trend prior to the pandemic was faster than the national trend, with San Diego's median rent increasing by an average of 3.5% from 2017 to 2019.","If San Diego's rent growth had continued on its own pre-pandemic trajectory, the median rent today would be $2,396, which is 3.4% below the actual price observed today."
"San Francisco, CA",New data: San Francisco rents 2.7% above long-run trend,"As of August 2026, the median rent in San Francisco sits at $3,844, which is 2.7% above where it would have been if rent growth since 2020 had remained on the slow and steady trajectory of 2.5% annual growth that rent prices nationally had been on pre-pandemic.","The local rent growth trend prior to the pandemic was slower than the national trend, with San Francisco's median rent increasing by an average of 0.9% from 2017 to 2019.","If San Francisco's rent growth had continued on its own pre-pandemic trajectory, the median rent today would be $3,405, which is 12.9% above the actual price observed today."
"San Jose, CA",New data: San Jose rents 2.0% below long-run trend,"As of August 2026, the median rent in San Jose sits at $3,132, which is 2.0% below where it would have been if rent growth since 2020 had remained on the slow and steady trajectory of 2.5% annual growth that rent prices nationally had been on pre-pandemic.","The local rent growth trend prior to the pandemic was in line with the national trend, with San Jose's median rent increasing by an average of 2.8% from 2017 to 2019.","If San Jose's rent growth had continued on its own pre-pandemic trajectory, the median rent today would be $3,309, which is 5.4% below the actual price observed today."
"Santa Ana, CA",New data: Santa Ana rents 5.2% above long-run trend,"As of August 2026, the median rent in Santa Ana sits at $2,224, which is 5.2% above where it would have been if rent growth since 2020 had remained on the slow and steady trajectory of 2.5% annual growth that rent prices nationally had been on pre-pandemic.","The local rent growth trend prior to the pandemic was slower than the national trend, with Santa Ana's median rent increasing by an average of 0.7% from 2017 to 2019.","If Santa Ana's rent growth had continued on its own pre-pandemic trajectory, the median rent today would be $1,843, which is 20.6% above the actual price observed today."
"Santa Clarita, CA",New data: Santa Clarita rents converging to long-run trend,"As of August 2026, the median rent in Santa Clarita sits at $2,426, which is almost exactly where it would have been if rent growth since 2020 had remained on the slow and steady trajectory of 2.5% annual growth that rent prices nationally had been on pre-pandemic.","The local rent growth trend prior to the pandemic was faster than the national trend, with Santa Clarita's median rent increasing by an average of 4.8% from 2017 to 2019.","If Santa Clarita's rent growth had continued on its own pre-pandemic trajectory, the median rent today would be $2,785, which is 12.9% below the actual price observed today."
"Scottsdale, AZ",New data: Scottsdale rents 4.1% below long-run trend,"As of August 2026, the median rent in Scottsdale sits at $1,688, which is 4.1% below where it would have been if rent growth since 2020 had remained on the slow and steady trajectory of 2.5% annual growth that rent prices nationally had been on pre-pandemic.","The local rent growth trend prior to the pandemic was faster than the national trend, with Scottsdale's median rent increasing by an average of 5.8% from 2017 to 2019.","If Scottsdale's rent growth had continued on its own pre-pandemic trajectory, the median rent today would be $2,089, which is 19.2% below the actual price observed today."
"Seattle, WA",New data: Seattle rents 13.9% below long-run trend,"As of August 2026, the median rent in Seattle sits at $2,092, which is 13.9% below where it would have been if rent growth since 2020 had remained on the slow and steady trajectory of 2.5% annual growth that rent prices nationally had been on pre-pandemic.","The local rent growth trend prior to the pandemic was in line with the national trend, with Seattle's median rent increasing by an average of 2.7% from 2017 to 2019.","If Seattle's rent growth had continued on its own pre-pandemic trajectory, the median rent today would be $2,537, which is 17.5% below the actual price observed today."
"Spokane, WA",New data: Spokane rents 13.4% above long-run trend,"As of August 2026, the median rent in Spokane sits at $1,190, which is 13.4% above where it would have been if rent growth since 2020 had remained on the slow and steady trajectory of 2.5% annual growth that rent prices nationally had been on pre-pandemic.","The local rent growth trend prior to the pandemic was faster than the national trend, with Spokane's median rent increasing by an average of 6.4% from 2017 to 2019.","If Spokane's rent growth had continued on its own pre-pandemic trajectory, the median rent today would be $1,328, which is 10.3% below the actual price observed today."
"Spring Valley, NV",New data: Spring Valley rents 3.8% above long-run trend,"As of August 2026, the median rent in Spring Valley sits at $1,474, which is 3.8% above where it would have been if rent growth since 2020 had remained on the slow and steady trajectory of 2.5% annual growth that rent prices nationally had been on pre-pandemic.","The local rent growth trend prior to the pandemic was faster than the national trend, with Spring Valley's median rent increasing by an average of 5.9% from 2017 to 2019.","If Spring Valley's rent growth had continued on its own pre-pandemic trajectory, the median rent today would be $1,771, which is 16.7% below the actual price observed today."
"St. Louis, MO",New data: St. Louis rents 4.6% below long-run trend,"As of August 2026, the median rent in St. Louis sits at $1,152, which is 4.6% below where it would have been if rent growth since 2020 had remained on the slow and steady trajectory of 2.5% annual growth that rent prices nationally had been on pre-pandemic.","The local rent growth trend prior to the pandemic was faster than the national trend, with St. Louis's median rent increasing by an average of 3.6% from 2017 to 2019.","If St. Louis's rent growth had continued on its own pre-pandemic trajectory, the median rent today would be $1,258, which is 8.5% below the actual price observed today."
"St. Paul, MN",New data: St. Paul rents 7.6% below long-run trend,"As of August 2026, the median rent in St. Paul sits at $1,396, which is 7.6% below where it would have been if rent growth since 2020 had remained on the slow and steady trajectory of 2.5% annual growth that rent prices nationally had been on pre-pandemic.","The local rent growth trend prior to the pandemic was slower than the national trend, with St. Paul's median rent increasing by an average of 1.4% from 2017 to 2019.","If St. Paul's rent growth had continued on its own pre-pandemic trajectory, the median rent today would be $1,412, which is in line with the actual price observed today."
"St. Petersburg, FL",New data: St. Petersburg rents 10.5% above long-run trend,"As of August 2026, the median rent in St. Petersburg sits at $1,426, which is 10.5% above where it would have been if rent growth since 2020 had remained on the slow and steady trajectory of 2.5% annual growth that rent prices nationally had been on pre-pandemic.","The local rent growth trend prior to the pandemic was faster than the national trend, with St. Petersburg's median rent increasing by an average of 3.2% from 2017 to 2019.","If St. Petersburg's rent growth had continued on its own pre-pandemic trajectory, the median rent today would be $1,327, which is 7.4% above the actual price observed today."
"Tacoma, WA",New data: Tacoma rents converging to long-run trend,"As of August 2026, the median rent in Tacoma sits at $1,677, which is almost exactly where it would have been if rent growth since 2020 had remained on the slow and steady trajectory of 2.5% annual growth that rent prices nationally had been on pre-pandemic.","The local rent growth trend prior to the pandemic was faster than the national trend, with Tacoma's median rent increasing by an average of 4.9% from 2017 to 2019.","If Tacoma's rent growth had continued on its own pre-pandemic trajectory, the median rent today would be $1,946, which is 13.8% below the actual price observed today."
"Tampa, FL",New data: Tampa rents 9.1% above long-run trend,"As of August 2026, the median rent in Tampa sits at $1,523, which is 9.1% above where it would have been if rent growth since 2020 had remained on the slow and steady trajectory of 2.5% annual growth that rent prices nationally had been on pre-pandemic.","The local rent growth trend prior to the pandemic was faster than the national trend, with Tampa's median rent increasing by an average of 3.5% from 2017 to 2019.","If Tampa's rent growth had continued on its own pre-pandemic trajectory, the median rent today would be $1,488, which is 2.3% above the actual price observed today."
"Toledo, OH",New data: Toledo rents 22.4% above long-run trend,"As of August 2026, the median rent in Toledo sits at $916, which is 22.4% above where it would have been if rent growth since 2020 had remained on the slow and steady trajectory of 2.5% annual growth that rent prices nationally had been on pre-pandemic.","The local rent growth trend prior to the pandemic was faster than the national trend, with Toledo's median rent increasing by an average of 3.2% from 2017 to 2019.","If Toledo's rent growth had continued on its own pre-pandemic trajectory, the median rent today would be $777, which is 18.0% above the actual price observed today."
"Tucson, AZ",New data: Tucson rents 9.3% above long-run trend,"As of August 2026, the median rent in Tucson sits at $1,050, which is 9.3% above where it would have been if rent growth since 2020 had remained on the slow and steady trajectory of 2.5% annual growth that rent prices nationally had been on pre-pandemic.","The local rent growth trend prior to the pandemic was faster than the national trend, with Tucson's median rent increasing by an average of 6.2% from 2017 to 2019.","If Tucson's rent growth had continued on its own pre-pandemic trajectory, the median rent today would be $1,173, which is 10.5% below the actual price observed today."
"Tulsa, OK",New data: Tulsa rents 13.2% above long-run trend,"As of August 2026, the median rent in Tulsa sits at $1,079, which is 13.2% above where it would have been if rent growth since 2020 had remained on the slow and steady trajectory of 2.5% annual growth that rent prices nationally had been on pre-pandemic.","The local rent growth trend prior to the pandemic was faster than the national trend, with Tulsa's median rent increasing by an average of 3.3% from 2017 to 2019.","If Tulsa's rent growth had continued on its own pre-pandemic trajectory, the median rent today would be $985, which is 9.5% above the actual price observed today."
"Virginia Beach, VA",New data: Virginia Beach rents 23.6% above long-run trend,"As of August 2026, the median rent in Virginia Beach sits at $1,952, which is 23.6% above where it would have been if rent growth since 2020 had remained on the slow and steady trajectory of 2.5% annual growth that rent prices nationally had been on pre-pandemic.","The local rent growth trend prior to the pandemic was faster than the national trend, with Virginia Beach's median rent increasing by an average of 3.6% from 2017 to 2019.","If Virginia Beach's rent growth had continued on its own pre-pandemic trajectory, the median rent today would be $1,666, which is 17.2% above the actual price observed today."
"Washington, DC",New data: Washington rents 13.4% below long-run trend,"As of August 2026, the median rent in Washington sits at $2,171, which is 13.4% below where it would have been if rent growth since 2020 had remained on the slow and steady trajectory of 2.5% annual growth that rent prices nationally had been on pre-pandemic.","The local rent growth trend prior to the pandemic was slower than the national trend, with Washington's median rent increasing by an average of 1.6% from 2017 to 2019.","If Washington's rent growth had continued on its own pre-pandemic trajectory, the median rent today would be $2,390, which is 9.2% below the actual price observed today."
"Wichita, KS",New data: Wichita rents 6.6% above long-run trend,"As of August 2026, the median rent in Wichita sits at $1,039, which is 6.6% above where it would have been if rent growth since 2020 had remained on the slow and steady trajectory of 2.5% annual growth that rent prices nationally had been on pre-pandemic.","The local rent growth trend prior to the pandemic was slower than the national trend, with Wichita's median rent increasing by an average of 1.5% from 2017 to 2019.","If Wichita's rent growth had continued on its own pre-pandemic trajectory, the median rent today would be $910, which is 14.1% above the actual price observed today."
"Winston-Salem, NC",New data: Winston-Salem rents 13.4% above long-run trend,"As of August 2026, the median rent in Winston-Salem sits at $1,149, which is 13.4% above where it would have been if rent growth since 2020 had remained on the slow and steady trajectory of 2.5% annual growth that rent prices nationally had been on pre-pandemic.","The local rent growth trend prior to the pandemic was faster than the national trend, with Winston-Salem's median rent increasing by an average of 7.1% from 2017 to 2019.","If Winston-Salem's rent growth had continued on its own pre-pandemic trajectory, the median rent today would be $1,374, which is 16.4% below the actual price observed today."
